full_text,clean_text,Sentiment
Yailah @CurhatKRL ini krl jaraknye lumayan jauh yg masuk cuman sf08 @CommuterLine @PTKAI https://t.co/0I5ne5JRNB,yailah curhatkrl krl jaraknye lumayan jauh yg masuk cuman sf commuterline ptkai httpstcoinejrnb,neutral
Manajer Humas PT KAI Daop 4 Semarang Franoto Wibowo di Semarang Selasa mengatakan satu dari dua jalur rel perlintasan tersebut telah selesai diperbaiki pada Selasa petang. #jalurkeretagrobogan #ptkai #semarang https://t.co/E667svtVBV,manajer humas pt kai daop semarang franoto wibowo semarang selasa kata satu dua jalur rel lintas sebut selesai baik selasa petang jalurkeretagrobogan ptkai semarang httpstcoesvtvbv,neutral
@likromiahooy keren sama ptkai dah,likromiahooy keren sama ptkai dah,positive
@CurhatKRL Sisi kanan kiri lagi tunggu krl Di st tebet ini bkn soal gapeka 2025 tapi krl yg dipake cuman sf08!! @CommuterLine @PTKAI https://t.co/PNSOdrUp96,curhatkrl sisi kanan kiri tunggu krl st tebet bkn soal gapeka krl yg dipake cuman sf commuterline ptkai httpstcopnsodrup,negative
ΡΤ ΚΑΙ Commuter bakal segera mengoperasikan 12 rangkaian KRL baru yang baru saja datang dari China setelah melewati serangkaian uji coba oleh Kemenhub https://t.co/K1JFslFrhs #PTKAI #Kemenhub #Bahlil,commuter bakal segera operasi rangkai krl baru baru datang china lewat rangkai uji coba kemenhub httpstcokjfslfrhs ptkai kemenhub bahlil,neutral
KERETA API (KA) rute Semarang-Surabaya masih menerapkan pola perjalanan memutar. PT KAI menyebut ada 30 perjalanan KA Semarang-Surabaya harus memutar hingga 5 Februari. #keretaapi #ptkai #Semarang #Surabaya #grobogan https://t.co/R1QZjkxGOz,kereta api ka rute semarangsurabaya terap pola jalan putar pt kai sebut jalan ka semarangsurabaya putar hingga februari keretaapi ptkai semarang surabaya grobogan httpstcorqzjkxgoz,neutral
Hari Senin jadwal gapeka 2025 bbrp jadwal krl bogor ilang bikin jarak krl jauh krl yg masuk cuman sf08 lagih yg masuk akal lah kalo buat jadwal @CommuterLine @PTKAI @CurhatKRL,hari senin jadwal gapeka bbrp jadwal krl bogor ilang bikin jarak krl jauh krl yg masuk cuman sf lagih yg masuk akal lah kalo buat jadwal commuterline ptkai curhatkrl,neutral
#konteksinfo - Daftar Kereta Api Pengangkut Penumpang Terbanyak di 2024. (Zd) #ka #kai #ptkai #keretaapi #keretaapiindonesia #keretaapiindonesiapersero #ptkeretaapiindonesia #ptkeretaapiindonesiapersero #kajoglosemarkerto #kamatarmaja #kakertajaya #kajayakarta #stasiunmalang https://t.co/bdbA7Xau6N,konteksinfo daftar kereta api angkut tumpang banyak zd ka kai ptkai keretaapi keretaapiindonesia keretaapiindonesiapersero ptkeretaapiindonesia ptkeretaapiindonesiapersero kajoglosemarkerto kamatarmaja kakertajaya kajayakarta stasiunmalang httpstcobdbaxaun,neutral
Solo menggebrak lagi !!! Unit baru kereta api jurusan solo - wonogiri semoga sukses dan semakin menambah manfaat di dunia transportasi soloraya #ptkai #keretaapi #citytrain #railfans #keretasolowonogiri #stasiunpurwosari #cfdsolo https://t.co/SBPiV1asZJ,solo gebrak unit baru kereta api jurus solo wonogiri moga sukses makin tambah manfaat dunia transportasi soloraya ptkai keretaapi citytrain railfans keretasolowonogiri stasiunpurwosari cfdsolo httpstcosbpivaszj,positive
Siap-siap! KAI resmi menghadirkan 5 kereta api baru gais. Yuk kepoin daftar kereta api barunya! #Kereta #PTKAI #MedcomId #MudaMemberiArti https://t.co/K0fMhMIcSq,siapsiap kai resmi hadir kereta api baru gais yuk poin daftar kereta api baru kereta ptkai medcomid mudamemberiarti httpstcokfmhmicsq,neutral
@infokespro @PTKAI @YLKI Selamat malam Kak. Pemesanan tiket KA Commuter Line Merak tidak terdapat fitur pilih kursi ya. Apabila saat pemesanan tiket KA tersebut dengan keterangan tanpa nomor kursi penumpang dapat menempati bangku yang kosong (selama masih tersedia). Jika ada pelanggan yang duduknya,infokespro ptkai ylki selamat malam kak mesan tiket ka commuter line merak dapat fitur pilih kursi apabila mesan tiket ka sebut terang nomor kursi tumpang tempat bangku kosong lama sedia ada langgan duduk,neutral
Commuterline Merak sejak 1/2/2025 tdk pakai nmr tempat duduk celakanya ada yg memanfaatkan misalnya baringkan anak sehingga tdk bisa buat pemumpamg lain ....@PTKAI @CommuterLine @ylki,commuterline merak sejak tdk pakai nmr tempat duduk celaka yg manfaat misal baring anak tdk buat pemumpamg ptkai commuterline ylki,neutral
Kereta api Sancaka Utara resmi beroperasi layani rute Surabaya - Cilacap ANTARA FOTO/Didik Suhartono #keretaapi #ptkai #surabayacilacap Lihat selengkapnya: https://t.co/qkPHildm1Z https://t.co/F9Zt3Vfwlm,kereta api sancaka utara resmi operasi layan rute surabaya cilacap fotodidik suhartono keretaapi ptkai surabayacilacap lihat lengkap httpstcoqkphildmz httpstcofztvfwlm,neutral
PT KAI Daop 6 Yogyakarta mulai besok (Kamis 1/2/2025) memberlakukan Gapeka (Grafik Perjalanan Kereta Api) yang baru. #Gapeka #KeretaKAI #PTKAI #Daop6 #Yogyakarta https://t.co/6eDIHx8BMm,pt kai daop yogyakarta mulai besok kamis laku gapeka grafik jalan kereta api baru gapeka keretakai ptkai daop yogyakarta httpstcoedihxbmm,neutral
Mention cokoncomu seng biasa numpak sepur Cah! #foto ko hene @marmer.official_85 @abdulrosyid_m #KacamataTulungagung #Tulungagung #KeretaApi #KeretaApiIndonesia #KAI #PTKAI #Railfan #Railfans https://t.co/i4SaaOoStH,mention cokoncomu seng biasa numpak sepur cah foto ko hene marmerofficial abdulrosyid m kacamatatulungagung tulungagung keretaapi keretaapiindonesia kai ptkai railfan railfans httpstcoisaaoosth,neutral
@PSHT_Indonesia ptkai @TheRealYossie https://t.co/yjhkDQwPYz,psht indonesia ptkai therealyossie httpstcoyjhkdqwpyz,neutral
https://t.co/1ZSYK03yXC ptkai,httpstcozsykyxc ptkai,positive
KAI Sampaikan Permohonan Maaf Keterlambatan Dampak Banjir di Daop 4 Semarang #beritanasional #selasa #PTKAI #KAI #permohonanmaaf #banjir #daop4semarang #semarang https://t.co/vip1mhAW8Q,kai sampai mohon maaf lambat dampak banjir daop semarang beritanasional selasa ptkai kai permohonanmaaf banjir daopsemarang semarang httpstcovipmhawq,neutral
Poin-poin Penting PT KAI soal Kerusakan Rel setelah Banjir di Grobogan #beritanasional #selasa #PTKAI #rel #grobogan #keretaapi #banjir #sungaituntang #kerusakanrel #KAI https://t.co/fD64PftQf4,poinpoin penting pt kai soal rusa rel banjir grobogan beritanasional selasa ptkai rel grobogan keretaapi banjir sungaituntang kerusakanrel kai httpstcofdpftqf,neutral
Di balik citra positif Pak Jonan yang tak lekang oleh waktu #jonan #ignasiusjonan #dedimulyadi #ptkai #menhub #prabowo #sulistyowimbohardjito #infografis #politikindonesia #beritapolitik #beritapolitikterkini https://t.co/tYFYmA2k8s,balik citra positif pak jonan tak lekang waktu jonan ignasiusjonan dedimulyadi ptkai menhub prabowo sulistyowimbohardjito infografis politikindonesia beritapolitik beritapolitikterkini httpstcotyfymaks,neutral
#konteksnews - Setelah melalui proses panjang gugatan Keraton Yogyakarta terhadap PT KAI terkait lahan Stasiun Tugu Tesmi akhirnya mencapai titik damai. #DamaiUntukYogyakarta #KeratonYogyakarta #PTKAI #KeratonYogyakarta #PTKAI #TuguTesmi #LahanStasiunTugu #Damai #Kolaborasi https://t.co/V2HQnoPuiy,konteksnews lalu proses panjang gugat keraton yogyakarta pt kai kait lahan stasiun tugu tesmi akhir capai titik damai damaiuntukyogyakarta keratonyogyakarta ptkai keratonyogyakarta ptkai tugutesmi lahanstasiuntugu damai kolaborasi httpstcovhqnopuiy,neutral
Digas no ke jalur selatan @jalur5_ #gubugkarangjati #jalurutara #ptkai https://t.co/nn46BNzvWS,gas no jalur selatan jalur gubugkarangjati jalurutara ptkai httpstconnbnzvws,neutral
@KAI121 @PTKAI Salut PT KAI sekarang jauh lebih nyaman dibanding 10 thn lalu tidak manusiawi. Tapi serem amat tiap 5 menit diumumkan hati2 pelecehan seksual. Seolah isinya bajingan semua dan securitynya tulalit semua ga bisa kasih rasa nyaman dikit itu toa,kai ptkai salut pt kai sekarang jauh lebih nyaman banding thn lalu manusiawi rem tiap menit umum hati leceh seksual isi bajing semua securitynya tulalit semua ga kasih rasa nyaman dikit toa,negative
Mengucapkan Selamat Ulang tahun ke 1 KA Papandayan 24 Januari 2024 - 24 Januari 2025 #ptkai #dirgahayu,ucap selamat ulang tahun ka papandayan januari januari ptkai dirgahayu,neutral
Simak 7 Langkah PT KAI dalam Memperbaiki Jalur Pascabanjir di Grobogan @KAI121 @erickthohir @KemenBUMN https://t.co/D9bWtkXmKX #grobogan #kabargrobogan #ptkai #kabarterdepan,simak langkah pt kai baik jalur pascabanjir grobogan kai erickthohir kemenbumn httpstcodbwtkxmkx grobogan kabargrobogan ptkai kabarterdepan,neutral
[5-end] panjang selalu terjadi kenaikan jumlah penumpang kereta api karena tingginya antusias dari masyarakat. [april] #PatriaNews #InfoPatria #RadioPatria #Blitar #PTKAI #KAI #Daop7Madiun #StasiunBlitar #StasiunJombang #KeretaApi #TiketKA #KAIAccess #LiburIsraMiraj #LiburImlek,end panjang selalu jadi naik jumlah tumpang kereta api tinggi antusias masyarakat april patrianews infopatria radiopatria blitar ptkai kai daopmadiun stasiunblitar stasiunjombang keretaapi tiketka kaiaccess liburisramiraj liburimlek,neutral
Nggak mau bye-bye PT KAI bakal menghentikan layanan Kereta Api (KA) legendaris Argo Parahyangan. Sebagai gantinya KAI menyiapkan KA Parahyangan yang lebih terjangkau. #argoparahyangan #KAI #PTKAI #keretaapi #bandung #jakarta #detikfinance https://t.co/8lXffCHOW7,mau byebye pt kai bakal henti layan kereta api ka legendaris argo parahyangan ganti kai siap ka parahyangan lebih jangkau argoparahyangan kai ptkai keretaapi bandung jakarta detikfinance httpstcolxffchow,neutral
stasiun KA Malang sdh bagus. cuma sayang pengumuman dari pengeras suara tidak jelas...sayang sekali speakernya spt ini tolong di perbaiki kualitas suaranya @PTKAI @infomalang @cityguide911fm @yusufgunawan https://t.co/jAH44nRlnM,stasiun ka malang sdh bagus cuma sayang umum keras suara jelassayang sekali speakernya spt tolong baik kualitas suara ptkai infomalang cityguidefm yusufgunawan httpstcojahnrlnm,positive
[5] Daop 7 Madiun. Kondisi ini menyebabkan adanya tambahan frekuensi operasional KA di luar jadwal reguler. [april] #PatriaNews #InfoPatria #RadioPatria #Blitar #Semarang #Surabaya #PTKAI #KAI #Daop7Madiun #StasiunBlitar #StasiunGubug #StasiunKarangjati #KeretaApi #PerjalananKA,daop madiun kondisi sebab ada tambah frekuensi operasional ka luar jadwal reguler april patrianews infopatria radiopatria blitar semarang surabaya ptkai kai daopmadiun stasiunblitar stasiungubug stasiunkarangjati keretaapi perjalananka,neutral
@YourAnonVD @PTKAI @PTKAIIndonesia Ciuuus...,youranonvd ptkai ptkaiindonesia ciuuus,positive
Buat @mentriperhubungan @PTKAI @PTKAIIndonesia,buat mentriperhubungan ptkai ptkaiindonesia,neutral
Intensitas Perjalanan KA Semarang-Jakarta Bertambah. #keretaapi #PTKAI #KAI #ptkeretaapiindonesia #semarang #Jakarta https://t.co/txP6pH0b4e https://t.co/fXk4Q4Hm5b,intensitas jalan ka semarangjakarta tambah keretaapi ptkai kai ptkeretaapiindonesia semarang jakarta httpstcotxpphbe httpstcofxkqhmb,neutral
Kasian semuanya.. Pdhl enak kalau bisa turun hirup udara segar sebentar @PTKAI. Coba ditinjau ulang kebijakannya,kasi semua pdhl enak kalau turun hirup udara segar sebentar ptkai coba tinjau ulang bijak,positive
Di angkot JakLingko bbrp penumpang Lansia sebut ada kartu khusus Lansia untuk Commuterline (KRL) kata mrk bisa diurus di Sta Sudirman .... Mohon info .... @PTKAI @CommuterLine @YLKI_ID,angkot jaklingko bbrp tumpang lansia sebut kartu khusus lansia commuterline krl kata mrk urus sta sudirman mohon info ptkai commuterline ylki id,neutral
Siap-siap long weekend! KAI sediakan kereta tambahan buat kamu yang mau liburan! Cek rute dan jadwalnya di sini! #PTKAI #KeretaApi #Informasi #MedcomId #MudaMemberiArti https://t.co/M9qFrw0hWV,siapsiap long weekend kai sedia kereta tambah buat kamu mau libur cek rute jadwal sini ptkai keretaapi informasi medcomid mudamemberiarti httpstcomqfrwhwv,neutral
@beloveddara @MrOngDedy @PTKAI @KAI121 Jangan mention. Pelayanan negara miskin emang jelek tapi sok suruh lapor ke kai ,beloveddara mrongdedy ptkai kai jangan mention layan negara miskin emang jelek sok suruh lapor kai,negative
@MrOngDedy @PTKAI Geli bgt liat kelakuannya keliatan kalo org pcrn. Anjir mau gw semprot aja mereka. Besok lgi di cek lah penumpangnya sesuai seat ga jgn wira wiri doang konduktur @KAI121,mrongdedy ptkai geli bgt liat laku liat kalo org pcrn anjir mau gw semprot aja besok lgi cek lah tumpang sesuai seat ga jgn wira wiri doang konduktur kai,negative
@MrOngDedy Ga sopan bgt nunjuk aja congornya ga mangap ngomong sama sekali. Laki gw krna ga enakan maybe dia iya² aja pdhl gw udh mangap mau protes. Kata dia 'udh biarin'. Pdhl nyari seat yg sederet gitu susah pikirnya biar anak kita wara wiri nya enak. Penumpang lo tolong @PTKAI,mrongdedy ga sopan bgt nunjuk aja congor ga mangap ngomong sama sekali laki gw krna ga enak maybe iya aja pdhl gw udh mangap mau protes kata udh biarin pdhl nyari seat yg deret gitu susah pikir biar anak wara wiri nya enak tumpang lo ptkai,negative
@KAI121 Kl ke jogya kursinya ekonomi seperti itu atau bukan ya trus kl pesan tiket tuk rombangan d customer service atau ptkai access ya.,kai kl jogya kursi ekonomi itu bukan trus kl pesan tiket tuk rombangan d customer service ptkai access,neutral
Perancang dan pembuat gerbongnya bodoh insinyur lulusan mana itu? Bodoh semua seperti belum pernah bikin gerbong. @PTKAI @InkaProduction Kemenhub akan Evaluasi PT KAI dan PT INKA soal Kereta Api yang Hampir Tak Muat Masuk Terowongan https://t.co/cwj4XPCM6b,ancang buat gerbong bodoh insinyur lulus mana bodoh semua belum pernah bikin gerbong ptkai inkaproduction kemenhub evaluasi pt kai pt inka soal kereta api hampir tak muat masuk terowongan httpstcocwjxpcmb,negative
Ga bahaya niehh? @KPK_RI @KejaksaanRI #rudiasatturidhaout #dirutkai #ptkai #tolakrudiasaturridha https://t.co/EnVLjS7gyR,ga bahaya niehh kpk ri kejaksaanri rudiasatturidhaout dirutkai ptkai tolakrudiasaturridha httpstcoenvljsgyr,neutral
akun cenblu cepu ke ptkai,akun cenblu cepu ptkai,neutral
@JangDikeee @MurtadhaOne1 @PTKAI @KAI121 @KemenBUMN @erickthohir @pt_inka @prabowo @JangDikeee siapa yg mengelola Terowongan dari 1902 itu di seperempat Abad 21?,jangdikeee murtadhaone ptkai kai kemenbumn erickthohir pt inka prabowo jangdikeee siapa yg kelola terowongan itu empat abad,neutral
@MurtadhaOne1 @PTKAI @KAI121 @KemenBUMN @erickthohir koq bisa @PTKAI @KAI121 itu siapa yg bwt TEROWONGAN Kereta Api yg gak muat gerbong produk @pt_inka Emang gak janjian gituh? Presiden @prabowo tolong serius PERHATIKAN BUMN-BUMN Indonesia Pak Kapan ada BUMN yg seriously World Class? https://t.co/ZdU7ZMGwz6,murtadhaone ptkai kai kemenbumn erickthohir koq ptkai kai siapa yg bwt terowongan kereta api yg gak muat gerbong produk pt inka emang gak janji gituh presiden prabowo serius perhati bumnbumn indonesia pak kapan bumn yg seriously world class httpstcozduzmgwz,positive
Yang terhormat @PTKAI mohon agar pengerjaan rel kereta tidak pada jam aktivitas mastarakat ini sangat mengganggu. Lokasi perlintasan kereta desa jengkok kertasemaya indramayu https://t.co/WeupW07OU6,hormat ptkai mohon kerja rel kereta pada jam aktivitas mastarakat sangat ganggu lokasi lintas kereta desa jengkok kertasemaya indramayu httpstcoweupwou,neutral
@jancooeek kalo pak jonan ga ngerombak @PTKAI pasti jadi gini wkwkwkw,jancooeek kalo pak jonan ga ngerombak ptkai jadi gin wkwkwkw,negative
@nanto0000 #Bandung #ciwidey #PTKAI hayu min gaskan,nanto bandung ciwidey ptkai hayu min gas,positive
#djka #dishub #ptkai Tolong reaktivasi jalur ka Bandung-Ciwidey secepatnya https://t.co/7BbRysVBvr,djka dishub ptkai reaktivasi jalur ka bandungciwidey cepat httpstcobbrysvbvr,neutral
 Apakah kamu pengguna setia kereta api? Bagikan pengalaman kamu di kolom komentar! #PTKAI #KeretaApiIndonesia #TransportasiIndonesia #KeretaCepat #InovasiTransportasi @KAI121 @keretaapikita,kamu guna setia kereta api bagi alam kamu kolom komentar ptkai keretaapiindonesia transportasiindonesia keretacepat inovasitransportasi kai keretaapikita,positive
Wow! KAI Group sukses layani 20 9 juta penumpang selama periode Nataru 2024/2025. Ada yang ikutan mudik pake kereta juga? #PTKAI #KeretaApi #MedcomId #MudaMemberiArti https://t.co/vqezuUwYrp,wow kai group sukses layan juta tumpang lama periode nataru yang ikut mudik pake kereta ptkai keretaapi medcomid mudamemberiarti httpstcovqezuuwyrp,neutral
Diintegrasikan ke Stasiun BNI City KAI: Bukan Berarti Stasiun Karet Dibongkar https://t.co/tkSfLkSp3t #stasiunkaret #krl #ptkai #keretaapi #stasiunkrl https://t.co/5Wwdg4GMQ3,integrasi stasiun bni city kai bukan arti stasiun karet bongkar httpstcotksflkspt stasiunkaret krl ptkai keretaapi stasiunkrl httpstcowwdggmq,neutral
PT KAI: Tiket Kereta Api Februari 2025 Sudah Bisa Dipesan Mulai Hari Ini https://t.co/kCknfdYOnG #TiketKeretaApi2025 #TiketKerefaApi #PTKAI #AccessbyKAI,pt kai tiket kereta api februari bisa pes mulai hari httpstcokcknfdyong tiketkeretaapi tiketkerefaapi ptkai accessbykai,neutral
[7] Daop 7 Madiun telah melayani 272.231 pelanggan KA yang naik &amp; turun. [april] #PatriaNews #InfoPatria #RadioPatria #InfoKA #PTKAI #KAI #KeretaApi #Daop7Madiun #StasiunBlitar #StasiunMadiun #StasiunKertosono #StasiunKediri #StasiunJombang #StasiunTulungagung,daop madiun layan langgan ka naik amp turun april patrianews infopatria radiopatria infoka ptkai kai keretaapi daopmadiun stasiunblitar stasiunmadiun stasiunkertosono stasiunkediri stasiunjombang stasiuntulungagung,neutral
Perjalanan tetap aman kenaikan PPN 1% tidak pengaruhi harga tiket kereta api. #PPN #KenaikanPPN #KeretaApi #PTKAI #KAI https://t.co/x6vU7P4B76,jalan tetap aman naik ppn pengaruh harga tiket kereta api ppn kenaikanppn keretaapi ptkai kai httpstcoxvupb,neutral
Perjalanan tetap aman kenaikan PPN 1% tidak pengaruhi harga tiket kereta api. #PPN #KenaikanPPN #KeretaApi #PTKAI #KAI https://t.co/B8tiZTHsxs,jalan tetap aman naik ppn pengaruh harga tiket kereta api ppn kenaikanppn keretaapi ptkai kai httpstcobtizthsxs,neutral
Perjalanan tetap aman kenaikan PPN 1% tidak pengaruhi harga tiket kereta api. #PPN #KenaikanPPN #KeretaApi #PTKAI #KAI https://t.co/4DWxgDaQNH,jalan tetap aman naik ppn pengaruh harga tiket kereta api ppn kenaikanppn keretaapi ptkai kai httpstcodwxgdaqnh,neutral
@Enduro47428434 @KAI121 @PTKAI Toiletnya juga di jurangmangu lucu. Buat buang air kecil cowok tinggi2 banget. Harus jinjit wkwkwkwk,enduro kai ptkai toilet di jurangmangu lucu buat buang air kecil cowok tinggi banget jinjit wkwkwkwk,negative
@KAI121 @PTKAI Stasiun juanda jkt aneh bgt. Jalan dari istiqlal udah naik tangga harus turun lagi karena gatenya difungsikan cuma buat keluar. Abis turun tangga naik lagi. Buang2 waktu dan tenaga. Eskalatornya cuma turun. Kalau naik pake tangga. Hadeh. Nyiksa penataannya,kai ptkai stasiun juanda jkt aneh bgt jalan istiqlal udah naik tangga turun karena gatenya fungsi cuma buat keluar abis turun tangga naik buang waktu tenaga eskalator cuma turun kalau naik pake tangga hadeh nyiksa tata,negative
Jelang Libur Natal PT KAI: 38.160 Tiket Kereta Terjual Hari Ini https://t.co/fRaQuFM4xg #PTKAI #Daop1Jakarta #TiketKeretaApi #KeretaApiJarakJauh #LiburNataldanTahunBaru,jelang libur natal pt kai tiket kereta jual hari httpstcofraqufmxg ptkai daopjakarta tiketkeretaapi keretaapijarakjauh liburnataldantahunbaru,neutral
Keterisian Tiket KA Capai 94 Persen Penumpang Padati Stasiun Pasar Senen di Puncak Mudik Libur Nataru https://t.co/YfVKtezuyI #PuncakMudikLiburNataru #PenumpangKeretaApi #PTKAI #IxfanHendriwintoko,isi tiket ka capai persen tumpang padat stasiun pasar senen puncak mudik libur nataru httpstcoyfvktezuyi puncakmudikliburnataru penumpangkeretaapi ptkai ixfanhendriwintoko,neutral
ternyata ptkai itu bukan pt kereta artificial intelligence,nyata ptkai bukan pt kereta artificial intelligence,neutral
#Foto PT KAI bersiap menghadapi libur Nataru. Mereka akan mengoperasikan 52 KA tambahan untuk perjalanan jarak menengah dan jauh. &gt;&gt; https://t.co/jVicqcgt6C Foto: ANTARA FOTO/Muhammad Adimaja #detikfinance #PTKAI #Nataru #KeretaApi https://t.co/6YoTB8vWGP,foto pt kai siap hadap libur nataru akan operasi ka tambah jalan jarak tengah jauh gtgt httpstcojvicqcgtc foto fotomuhammad adimaja detikfinance ptkai nataru keretaapi httpstcoyotbvwgp,neutral
Alhamdulillah Akhirnya perlintasan KA dijalan Baureno - Bojonegoro diaspal. Jalannya jdi lancar. Terima kasih @PTKAI,alhamdulillah akhir lintas ka jalan baureno bojonegoro aspal jalan jdi lancar terima kasih ptkai,positive
Naik KRL jadi cepat Naik KRL jadi Lama Nunggu KRL arah Bogor dari jam 05.15 sampai jam 06.28 di jam kerja ‍ #PTKAI #KAI #KRL #KAI212 #KRLBIKINTELAT #KRLLAMA #Commuterline,naik krl jadi cepat naik krl jadi lama nunggu krl arah bogor jam jam jam kerja ptkai kai krl kai krlbikintelat krllama commuterline,positive
Sudah seminggu lebih kondisi jalan di pintu perlintasan KA Baureno Bojonegoro macet imbas perbaikan dan belum diaspal ulang. Bahkan sudah memakan korban jiwa. Sampai kapan ini @ptkai ? https://t.co/My39NXC9ZQ,minggu lebih kondisi jalan pintu lintas ka baureno bojonegoro macet imbas baik belum aspal ulang bahkan makan korban jiwa kapan ptkai httpstcomynxczq,neutral
Apa sih urgensi layanan direct servis Jkt - Semarang n Jakarta - Yogya. Kalo mau buat program 100 hr ya yg cerdas gitu lho. Memang disangkanya tdk ada dampak thdp keselamatan di perlintasan sebidang n dampak bisnisnya ya? CC : @kemenhub151 @PTKAI,apa sih urgensi layan direct servis jkt semarang n jakarta yogya kalo mau buat program hr yg cerdas gitu lho memang sangka tdk dampak thdp selamat lintas bidang n dampak bisnis cc kemenhub ptkai,neutral
KAI Daop 1 Jakarta Lakukan Upaya Peningkatan Jalur Kereta Api Imbas Banjir Rob Jakarta https://t.co/ca4hvEGa6c #BanjirRob #MuaraAngke #Ancol #PTKAI #JalurKeretaApi #KRL,kai daop jakarta laku upaya tingkat jalur kereta api imbas banjir rob jakarta httpstcocahvegac banjirrob muaraangke ancol ptkai jalurkeretaapi krl,neutral
Tiket Kereta Sudah Terjual 1 1 Juta Jelang Liburan Nataru 5 KA Ini Diburu Pelanggan #beritanasional #selasa #tiketkeretaapi #keretaapi #KAI #BUMN #PTKAI #nataru2024 #liburannataru https://t.co/T8TQWtgrCd,tiket kereta jual juta jelang libur nataru ka buru langgan beritanasional selasa tiketkeretaapi keretaapi kai bumn ptkai nataru liburannataru httpstcottqwtgrcd,neutral
Macet sebelum pintu timur stasiun Tugu Yogyakarta kirain proyek beautifikasi stasiun salah satu goalnya pas peak ga macet masuk stasiun. Ternyata malam ini macet hujan pula @PTKAI @KAI121 beautifikasi atau macetisasi ?,macet pintu timur stasiun tugu yogyakarta kirain proyek beautifikasi stasiun salah satu goalnya pas peak ga macet masuk stasiun nyata malam macet hujan ptkai kai beautifikasi macet,negative
PT KAI Sediakan Layanan Direct Train di Momentum Libur Nataru Berapa Tarifnya? https://t.co/8uSdurh9hy #DirectTrain #PTKAI #LiburNataru #TarifDirectTrain,pt kai sedia layan direct train momentum libur nataru berapa tarif httpstcousdurhhy directtrain ptkai liburnataru tarifdirecttrain,neutral
masa beli tiket di ptkai gak ada via bca,masa beli tiket ptkai gak via bca,neutral
Ide layanan KA langsung dr Jkt - Semarang n Jkt - Yogya tdk berhenti di stasiun2 jelas ide konyol dr orang yg tdk tau KA tapi punya kuasa. Siapa yg akan melayani mrk yg akan naik dari Cirebon Tegal Pekalongan Bumiayu Purwokerto Kebumen dll? CC: @kemenhub151 dan @PTKAI,ide layan ka langsung dr jkt semarang n jkt yogya tdk henti stasiun jelas ide konyol dr orang yg tdk tau ka punya kuasa siapa yg layan mrk yg naik cirebon tegal kalong bumiayu purwokerto kebumen cc kemenhub ptkai,negative
KAI Antisipasi Cuaca Ekstrem saat Nataru dengan Perkuat Bantalan Rel @KAI121 https://t.co/FTqmGET7KB #ptkai #cuacaekstrem #nataru #liburnataru #natal #tahunbaru,kai antisipasi cuaca ekstrem nataru kuat bantal rel kai httpstcoftqmgetkb ptkai cuacaekstrem nataru liburnataru natal tahunbaru,neutral
Pengen liburan akhir tahun naik kereta api? Yuk cek cara gampang pesan tiket lewat KAI Access tinggal klik tiket siap! #Tips #PTKAI #KeretaApi #MedcomId #MudaMemberiArti https://t.co/3SBoxssUBy,ken libur akhir tahun naik kereta api yuk cek cara gampang pesan tiket lewat kai access tinggal klik tiket siap tips ptkai keretaapi medcomid mudamemberiarti httpstcosboxssuby,neutral
Mulai 16 Desember 2024 LRT Uji Coba Gerbong Kereta Khusus Wanita https://t.co/KOtvOXg5IR #LRTJabodebek #PelecehanSeksual #PTKAI #GerbongKeretaWanita,mulai desember lrt uji coba gerbong kereta khusus wanita httpstcokotvoxgir lrtjabodebek pelecehanseksual ptkai gerbongkeretawanita,neutral
Jelang libur Natal dan tahun baru 2025 PT KAI telah menyiapkan 3 2 juta tiket. Namun PT Kereta Api Indonesia memastikan harga tiket kereta tidak mengalami penurunan seperti tiket pesawat yang mengalami penurunan sebesar 10% #PTKAI #KAI #KeretaApi #Liburan #Natal #TahunBaru2025 https://t.co/JooincmZKY,jelang libur natal tahun baru pt kai siap juta tiket pt kereta api indonesia pasti harga tiket kereta alami turun tiket pesawat alami turun besar ptkai kai keretaapi libur natal tahunbaru httpstcojooincmzky,neutral
Wah PT KAI nambahin waktu operasional LRT Jabodebek kabar baik nih buat yang biasa pulang malem! Gak ribet lagi deh #PTKAI #LRT #Jabodebek #MedcomId #MudaMemberiArti https://t.co/XCzt2TlpMp,wah pt kai nambahin waktu operasional lrt jabodebek kabar baik nih buat biasa pulang malem gak ribet deh ptkai lrt jabodebek medcomid mudamemberiarti httpstcoxczttlpmp,positive
Libur Natal Berikut Ini Harga Tiket Kereta Api Jurusan Jakarta-Surabaya #tiketkeretaapi #liburnatal #nataru #PTKAI Menjelang https://t.co/hx4RdKvrCQ via @tribunnews,libur natal ikut harga tiket kereta api jurus jakartasurabaya tiketkeretaapi liburnatal nataru ptkai jelang httpstcohxrdkvrcq via tribunnews,neutral
@astatika @SifayaNuri Kata nui kalo bulek udah sksd sama ptkai tandanya mau pulang,astatika sifayanuri kata nui kalo bulek udah sksd sama ptkai tanda mau pulang,neutral
@CommuterLine @KAI121 @keretaapikita @ptkai_rblx @AgungPodomoro @tenjo_zen @pocytenjo Akses dari timur ke barat pintu gerbang terlalu jauh ya tks,commuterline kai keretaapikita ptkai rblx agungpodomoro tenjo zen pocytenjo akses timur barat pintu gerbang terlalu jauh tks,neutral
@CommuterLine @KAI121 @keretaapikita @ptkai_rblx @AgungPodomoro @tenjo_zen @pocytenjo Selamat pagi @CommuterLine kalau itu bukan jalan masuk kenapa pintunya dibuka di arah timur? Akses dari timur puter terlalu jauh... Harusnya pihak @CommuterLine bisa beri solusi. Tks,commuterline kai keretaapikita ptkai rblx agungpodomoro tenjo zen pocytenjo selamat pagi commuterline kalau bukan jalan masuk pintu buka arah timur akses timur puter terlalu jauh harus pihak commuterline beri solusi tks,neutral
@MarthenLemuel @KAI121 @keretaapikita @ptkai_rblx @AgungPodomoro @tenjo_zen @pocytenjo Selamat pagi Kak. Dapat kami informasikan kembali untuk jalan yang Kakak maksud tersebut bukan merupakan akses penumpang untuk keluar/masuk area stasiun untuk akses jalan masuk/keluar ke Stasiun Tenjo saat ini sudah disediakan jalan di gerbang utama sebelah barat. Tks.,marthenlemuel kai keretaapikita ptkai rblx agungpodomoro tenjo zen pocytenjo selamat pagi kak kami informasi jalan kakak maksud sebut bukan rupa akses tumpang keluarmasuk area stasiun untuk akses jalan masukkeluar stasiun tenjo ini sedia jalan gerbang utama belah barat tks,neutral
@CommuterLine @KAI121 @keretaapikita @ptkai_rblx @AgungPodomoro @tenjo_zen @pocytenjo inilah jalan masuk arah timur menuju stasiun Tenjo: becek parah meresahkan pejalan kaki masuk kereta. Mohon perbaikan jalan masuk tks https://t.co/Og6ZO4BARC,commuterline kai keretaapikita ptkai rblx agungpodomoro tenjo zen pocytenjo ini jalan masuk arah timur tuju stasiun tenjo becek parah resah pejal kaki masuk kereta mohon baik jalan masuk tks httpstcoogzobarc,negative
PT Kereta Api Indonesia (Persero) bersama Bank BNI meresmikan penamaan baru atau Naming Rights Stasiun Dukuh Atas menjadi Stasiun Dukuh Atas BNI sebagai upaya peningkatan layanan transportasi publik di Jabodetabek. #ptkai #transportasipublik #stasiundukuhatas,pt kereta api indonesia persero sama bank bni resmi nama baru naming rights stasiun dukuh atas jadi stasiun dukuh atas bni upaya tingkat layan transportasi publik jabodetabek ptkai transportasipublik stasiundukuhatas,neutral
@MichelAdam717 Silakan tanya ke ptkai bagaimana menurut mreka dgn kehadiran kereta cepat,micheladam sila tanya ptkai bagaimana mreka dgn hadir kereta cepat,neutral
@bacottetangga__ Kalo ini tidak disukai PTKAI https://t.co/8gY7MwFJKc,bacottetangga kalo tidak suka ptkai httpstcogymwfjkc,negative
Gubernur DIY Sri Sultan Hamengku Buwono X turut berkomentar atas gugatan Keraton Yogyakarta ke PT KAI sebesar Rp 1.000. Sultan mengatakan bahwa tanah yang berstatus Sultan Ground (SG) dicatat sebagai milik BUMN yakni PT KAI. &lt; #SriSultanHBX #PTKAI https://t.co/PIACi1PRfI,gubernur diy sri sultan hamengku buwono x turut komentar atas gugat keraton yogyakarta pt kai besar rp sultan kata tanah status sultan ground sg catat milik bumn pt kai lt srisultanhbx ptkai httpstcopiaciprfi,neutral
Gugatan Keraton Yogyakarta ke PT Kereta Api Indonesia senilai Rp 1.000 sempat menjadi viral di media sosial pekan lalu. Ternyata nilai tersebut tak sekadar nominal tetapi ada arti bijak di baliknya. | #KeratonYogyakarta #Yogyakarta #PTKAI https://t.co/tkOFuA1rLR,gugat keraton yogyakarta pt kereta api indonesia nila rp sempat jadi viral media sosial pekan lalu nyata nilai sebut tak sekadar nominal ada arti bijak balik keratonyogyakarta yogyakarta ptkai httpstcotkofuarlr,neutral
Kuasa Hukum Keraton Yogyakarta Markus Hadi Tanoto mengungkapkan bahwa terdapat lima bidang tanah yang sedang diperkarakan oleh Keraton Yogyakarta. &lt; #KeratonYogyakarta #PTKAI https://t.co/uzINZ2Uawi,kuasa hukum keraton yogyakarta markus had tanoto ungkap dapat lima bidang tanah sedang perkara keraton yogyakarta lt keratonyogyakarta ptkai httpstcouzinzuawi,neutral
Kuasa hukum Keraton Yogyakarta Markus Hadi Tanoto mengungkap mengapa Keraton Yogyakarta hanya menuntut ganti rugi sebesar Rp 1.000 kepada PT KAI. //MN #KeratonYogyakarta #PTKAI #GantiRugi https://t.co/pVmaE9YNO0,kuasa hukum keraton yogyakarta markus had tanoto ungkap keraton yogyakarta tuntut ganti rugi besar rp pt kai mn keratonyogyakarta ptkai gantirugi httpstcopvmaeyno,neutral
@lakson027 @buatnontonlive @dprpbismalam @PTKAI dulu aku baik bis rela kak supirnya tidak ganti menakutkan sekali ,lakson buatnontonlive dprpbismalam ptkai dulu aku baik bis rela kak supirnya ganti takut sekali,positive
@tonggoneabinamu Gada tutor ketua soale aku bagian keluarga ptkai jadi potongan 50 wkkwkwkwkwkw,tonggoneabinamu gada tutor ketua soale aku bagi keluarga ptkai jadi potong wkkwkwkwkwkw,negative
@irvan_aan88 @buatnontonlive @dprpbismalam @PTKAI Sepengalaman aku sih selalu ganti bang habis service makan baik rosalia sinar jaya harapan jaya.,irvan aan buatnontonlive dprpbismalam ptkai alam aku sih selalu ganti bang habis service makan baik rosalia sinar jaya harap jaya,positive
@buatnontonlive @dprpbismalam @PTKAI Tapi saya tetep pilih naik kereta karena masinis nya selalu ganti baru setiap DAOP / kalo di hitung per 3/4 jam perjalanan selalu ganti baru masinis nya kalo bus setau saya dari titik awal sampe akhir ga ganti supir sedikit tidak tenang apalg jalan malam ,buatnontonlive dprpbismalam ptkai tetep pilih naik kereta masinis nya selalu ganti baru daop kalo hitung per jam jalan selalu ganti baru masinis nya kalo bus tau saya dari titik awal sampe akhir ga ganti supir sedikit tenang apalg jalan malam,positive
Stasiun KA Gambir jam 7.30 pagi macet toyal dan full...gara gara lapangan parkir ditutup gara gara mau ada upacara hari Senen pagi. Stengah jam muter2 cari parkir. Please deehhhh. @PTKAI,stasiun ka gambir jam pagi macet toyal fullgara gara lapang parkir tutup gara gara mau upacara hari senen pagi stengah jam muter cari parkir please deehhhh ptkai,negative
@buatnontonlive @dprpbismalam @PTKAI Mohon tanggapanne kak @irvan_aan88,buatnontonlive dprpbismalam ptkai mohon tanggapanne kak irvan aan,neutral
@buatnontonlive @dprpbismalam @PTKAI BUMN SOALNYA anda rakyat makanya fasilitas untuk rakyat udh diwakilkan oleh pada babu di DPRD jdi iya @PTKAI apa adanya,buatnontonlive dprpbismalam ptkai bumn soal rakyat makanya fasilitas rakyat udh wakil pada babu dprd jdi iya ptkai apa ada,neutral
@buatnontonlive @dprpbismalam @PTKAI pertanyaan mbah @CaloTerminl dari dulu ini,buatnontonlive dprpbismalam ptkai tanya mbah caloterminl dulu,neutral
@dprpbismalam Gw tuh suka heran kok bis bis kayak gini bisa bisanya senyaman ini fasilitasnya malam all you can eat lagi kok @PTKAI ga bisa ya?,dprpbismalam gw tuh suka heran kok bis bis kayak gin bisa nyaman fasilitas malam all you can eat kok ptkai ga ya,positive
@catchmeupco Ko komenannya ga ada yang ngetag @PTKAI ?,catchmeupco ko komenannya ga yang ngetag ptkai,negative
Polres Muara Enim Gelar konferensi Pers Pencurian pendrol rel kereta api milik PT. KAI #PolresMuaraEnim #PoldaSumsel #PencurianPendrol #PengamananKeretaApi #PTKAI #KeselamatanPublik #HukumTegas #JagaFasilitasUmum #SinergiPolriDanKAI #TindakPidana https://t.co/ajh4sF4XkG,polres muara enim gelar konferensi pers curi pendrol rel kereta api milik pt kai polresmuaraenim poldasumsel pencurianpendrol pengamanankeretaapi ptkai keselamatanpublik hukumtegas jagafasilitasumum sinergipolridankai tindakpidana httpstcoajhsfxkg,neutral
@PTKAI min kl mau refund tiket tp antara nama penumpang dan no rekening berbeda apakah bisa?,ptkai min kl mau refund tiket tp nama tumpang no rekening beda bisa,neutral
Keraton Yogyakarta Gugat Rp 1.000 ke PT KAI soal Apa? | #KeratonYogyakarta #PTKAI #StasiunTugu https://t.co/QWIAIAUOIK,keraton yogyakarta gugat rp pt kai soal apa keratonyogyakarta ptkai stasiuntugu httpstcoqwiaiauoik,neutral
PT Kereta Api Indonesia (KAI) kini menyediakan layanan face recognition boarding gate di 20 stasiun di Jawa dan Sumatera termasuk di Stasiun Pasar Senen dan Stasiun Lempuyangan. #PTKAI #KAI #keretaapiindonesia #facerecognition #gambir #bandung #semarangtawang https://t.co/QadJvNbBcb,pt kereta api indonesia kai kini sedia layan face recognition boarding gate stasiun jawa sumatera masuk stasiun pasar senen stasiun lempuyangan ptkai kai keretaapiindonesia facerecognition gambir bandung semarangtawang httpstcoqadjvnbbcb,neutral
Baru nii pt kai makasi yaa buat booth air minum nya.. sangat membantu #stasiuntambun @CommuterLine #ptkai https://t.co/MTTBr4nOug,baru nii pt kai makas yaa buat booth air minum nya sangat bantu stasiuntambun commuterline ptkai httpstcomttbrnoug,positive
Mohon perhatian #PtKAI hujan lebat walau didalam #StasiunBogor tetap basah karena desain kanopinya kurang benar kasian orang tua dan anak2 https://t.co/eb6ekYIJIK,mohon perhati ptkai hujan lebat dalam stasiunbogor tetap basah desain kanopi kurang benar kasi orang tua anak httpstcoebekyijik,negative
KAI Daop 8 Surabaya Tutup Perlintasan Sebidang Liar di Kabupaten Lamongan. PT Kereta Api Indonesia (Persero) Daerah Operasi 8 Surabaya berkolaborasi dengan Direktorat Jenderal https://t.co/5WRgCGpsik #Peristiwa #Daops8Surabaya #lamongan #ptkai via @beritajatimcom,kai daop surabaya tutup lintas bidang liar kabupaten lamongan pt kereta api indonesia persero daerah operasi surabaya kolaborasi direktorat jenderal httpstcowrgcgpsik peristiwa daopssurabaya lamongan ptkai via beritajatimcom,neutral
KAI Divre II Sumbar Salurkan TJSL Lebih Setengah Miliar hingga Oktober 2024 #ProgramTJSL #PTKAI https://t.co/HnnqUhzY1c,kai divre ii sumbar salur tjsl lebih tengah miliar hingga oktober programtjsl ptkai httpstcohnnquhzyc,neutral
PT Kereta Api Indonesia (Persero) mencatat telah menyelamatkan barang tertinggal milik penumpang kereta api senilai Rp10.436.502.765 selama periode Januari hingga September 2024. #ptkai #penumpang #barangtertinggaldikereta https://t.co/86AZHRLw08,pt kereta api indonesia persero catat selamat barang tinggal milik tumpang kereta api nila rp lama periode januari hingga september ptkai tumpang barangtertinggaldikereta httpstcoazhrlw,neutral
https://t.co/egKQnBEETF https://t.co/PEHK4IVwiH KAI mencatat lonjakan pengguna LRT Jabodebek yang signifikan pada 20 Oktober 2024 bertepatan dengan penerapan tarif Rp 1 dalam rangka memeriahkan Pesta Rakyat Pelantikan Presiden dan Wakil Presiden. #kai #LRT #ptkai #ipol https://t.co/Jm2WqxQA6Q,httpstcoegkqnbeetf httpstcopehkivwih kai catat lonjak guna lrt jabodebek signifikan oktober tepat terap tarif rp rangka riah pesta rakyat lantik presiden wakil presiden kai lrt ptkai ipol httpstcojmwqxqaq,neutral
Karikatur Purnatugas konsep naik kapal. #sertijab #purnatugas #kado #hadiah #souvenir #ulangtahun #kapal #laut #pensiun #kawanpajak #PLN #ptkai #Logistics #ptpos #ekspor #impor #kemendag #pelabuhan #beacukai #perdagangan #SahabatPos #pertamina #bumnuntukindonesia #minerba https://t.co/9NHH1V58nW,karikatur purnatugas konsep naik kapal sertijab purnatugas kado hadiah souvenir ulangtahun kapal laut pensiun kawanpajak pln ptkai logistics ptpos ekspor impor kemendag labuh beacukai dagang sahabatpos pertamina bumnuntukindonesia minerba httpstconhhvnw,neutral
Ada Pelantikan Presiden 27 Kereta Api Berhenti di Stasiun Jatinegara https://t.co/PMgBIZOB6k #PTKAI #StasiunGambir #StasiunJatinegara #PelantikanPresidendanWakilPresiden,lantik presiden kereta api henti stasiun jatinegara httpstcopmgbizobk ptkai stasiungambir stasiunjatinegara pelantikanpresidendanwakilpresiden,neutral
KAI Alihkan 32 Perjalanan ke Stasiun Jatinegara saat Pelantikan Presiden-Wapres @KAI121 @prabowo @gibran_tweet #keretaapi #ptkai #pelantikanpresiden #pelantikanprabowogibran #stasiunjatinegara https://t.co/SOTypgnxHp,kai alih jalan stasiun jatinegara lantik presidenwapres kai prabowo gibran tweet keretaapi ptkai pelantikanpresiden pelantikanprabowogibran stasiunjatinegara httpstcosotypgnxhp,neutral
Terima kasih yg sudah order #kaos #kaosmadiun #dtf #cuttoncombad24 #viral #fyp #ptkai #ptimst #nsa #kaosmurah #madiun #kotamadiun https://t.co/auoSIQU2mg,terima kasih yg order kaos kaosmadiun dtf cuttoncombad viral fyp ptkai ptimst nsa kaosmurah madiun kotamadiun httpstcoauosiqumg,positive
https://t.co/SG1YL0HP4P https://t.co/PEHK4IVwiH Kabar baik dihembuskan Kementerian Perhubungan (Kemenhub) bagi para pengguna kereta rel listrik atau komuter line. #kemenhub #krl #kai #ptkai #ipol https://t.co/5Cfm2zgJM4,httpstcosgylhpp httpstcopehkivwih kabar baik hembus menteri hubung kemenhub para guna kereta rel listrik komuter line kemenhub krl kai ptkai ipol httpstcocfmzgjm,neutral
Revitalisasi Wajah Baru Stasiun Jurang Mangu Ini Kata Pengguna https://t.co/qKxpy6lmY5 #PTKAI #StasiunJurangMangu,revitalisasi wajah baru stasiun jurang mangu kata guna httpstcoqkxpylmy ptkai stasiunjurangmangu,neutral
@KAI121 @PTKAI Thanks infonya walow telat. Tadi ada penumpang hampir pingsan Alhamdulillah tadi sudah teratasi dengan baluran minyak kayu putih teh hangat dan cairan t*l*k a**in,kai ptkai thanks info walow telat tadi tumpang hampir pingsan alhamdulillah tadi atas balur minyak kayu putih teh hangat cair tlk ain,neutral
@afishare23 @PTKAI Selamat sore Kak. Unit khusus kesehatan tidak tersedia di atas KA. Namun tersedia perlengkapan P3K (Pertolongan Pertama Pada Kecelakaan) untuk penumpang. Kemudian bila membutuhkan bantuan kesehatan lebih lanjut bisa konfirmasi ke rekan kondektur yang bertugas agar dapat,afishare ptkai selamat sore kak unit khusus sehat sedia atas ka sedia lengkap pk tolong pertama celaka tumpang kemudian bila butuh bantu sehat lebih lanjut konfirmasi rekan kondektur tugas dapat,neutral
Sosialisasi Perlintasan Kereta Api with Sadulur Sepoor JPL 17 Duren Kalibata Jakarta Selatan . #PTKAI #KeretaApiIndonesia https://t.co/jdfnHq80Pe,sosialisasi lintas kereta api with sadulur sepoor jpl duren kalibata jakarta selatan ptkai keretaapiindonesia httpstcojdfnhqpe,neutral
@KAI121 @PTKAI Min tanya... apakah di dlaam kereta api gayabaru malam selatan ada pppk/unit medis nya ? Jika ada penumpang yg tiba2 sakit harus bagaimana ?,kai ptkai min tanya di dlaam kereta api gayabaru malam selatan pppkunit medis nya ada tumpang yg tiba sakit bagaimana,neutral
Mengucapkan : Selamat Ulang Tahun ke 8 ■ Komunitas Sahabat Kereta Api Area 2 Bandung 10 Oktober 2016 - 10 Oktober 2024 #ptkai #dirgahayu,ucap selamat ulang tahun komunitas sahabat kereta api area bandung oktober oktober ptkai dirgahayu,neutral
SMK Putra Bangsa Depok berkolaborasi dengan PT. KAI mengadakan Sosialisasi Keamanan dan Keselamatan Perjalanan Kereta Api. . Jaga diri dimana dan kapan saja yaa temen-temen. . #smkputrabangsa #SMK #kereta #sosialisasi #keamanan #transportasi #KAI #ptkai #sekolah #sekolahdepok . https://t.co/uLsWjgXGYZ,smk putra bangsa depok kolaborasi pt kai ada sosialisasi aman selamat jalan kereta api jaga diri dan kapan yaa tementemen smkputrabangsa smk kereta sosialisasi aman transportasi kai ptkai sekolah sekolahdepok httpstcoulswjgxgyz,neutral
Seorang pria bernama Andi Arsyad viral di media sosial setelah mengaku sebagai pegawai PT KAI saat bercerita di sebuah podcast horor. Dalam ceritanya Andi mengklaim dirinya sebagai masinis yang mengalami kejadian magis selama bertugas. #garudatv #laporan8 #viral #PTKAI https://t.co/4Y8ljhZrU6,orang pria nama andi arsyad viral media sosial aku pegawai pt kai cerita buah podcast horor cerita andi klaim diri masinis alami jadi magis lama tugas garudatv lapor viral ptkai httpstcoyljhzru,neutral
@Dedy_313 @bacottetangga__ @PTKAI Agreee karena nyawa yang diselamatkan nggak bisa tergantikan,dedy bacottetangga ptkai agreee nyawa selamat bisa ganti,neutral
@yudaamaraa @Dedy_313 @bacottetangga__ @PTKAI kenapa ga mau? asal jelas tujuannya,yudaamaraa dedy bacottetangga ptkai ga mau asal jelas tuju,negative
@sujiwo_tego @Dedy_313 @bacottetangga__ @PTKAI Hahahah berapa sih jumlahnya mau dibagi ke anak-anaknya aja hanya cukup buat beli permen. Yg jd poin tuh kemerdekaan yg dinikmati oleh anak cucu atas hasil perjuangannya jgn hitung materi semata dong. Rejeki udah ada takarannya masing-masing juga toh.,sujiwo tego dedy bacottetangga ptkai hahahah berapa sih jumlah mau bagi anakanaknya aja cukup buat beli permen yg jd poin tuh merdeka yg nikmat anak cucu atas hasil juang jgn hitung materi semata dong rejeki udah takar masingmasing toh,positive
@obatsakitmah @Dedy_313 @bacottetangga__ @PTKAI Bukan di situ poin saya ,obatsakitmah dedy bacottetangga ptkai bukan situ poin,neutral
@Daeng_LeoMks @Dedy_313 @bacottetangga__ @PTKAI Lha khan SHM kakek/nenek guwe anak cucu yg nikmati. Tp pensiunan kakek guwe anak cucu gk bisa menikmati,daeng leomks dedy bacottetangga ptkai lha khan shm kakeknenek guwe anak cucu yg nikmat tp pensiun kakek guwe anak cucu gk nikmat,negative
@sujiwo_tego @Dedy_313 @bacottetangga__ @PTKAI Yg berjasa kakekku dan kakekmu kok yg menikmati anak cucu. Piye tho dul?,sujiwo tego dedy bacottetangga ptkai yg jasa kakek kakek kok yg nikmat anak cucu piye tho dul,positive
@Ranukumbolo77 @Dedy_313 @bacottetangga__ @PTKAI gk gitu juga konsepnya kum,ranukumbolo dedy bacottetangga ptkai gk gitu konsep kum,negative
@Dedy_313 @bacottetangga__ @PTKAI malah ngatur,dedy bacottetangga ptkai malah ngatur,neutral
@Dedy_313 @bacottetangga__ @PTKAI Seenggaknya dapat santunan atau naik kereta gratis sebulan buat mereka ber2 ga perlu sampe cucu nya,dedy bacottetangga ptkai enggak santun naik kereta gratis bulan buat ber ga perlu sampe cucu nya,negative
@sujiwo_tego @Dedy_313 @bacottetangga__ @PTKAI Si tego gak kawin kayaknya jadi gak punya anak-cucu,sujiwo tego dedy bacottetangga ptkai si tego gak kawin kayak jadi gak punya anakcucu,negative
@Dedy_313 @bacottetangga__ @PTKAI Dulu di kampung gua ada anak yg menemukan bom di jalur KA. Oleh Presidn saat itu ibu Megawati dijanjikan kuliah gratis. Tau skrg dia kerja apa? Ngojek !!!,dedy bacottetangga ptkai dulu kampung gua anak yg temu bom jalur ka presidn itu ibu megawati janji kuliah gratis tau skrg kerja apa ngojek,neutral
@Dedy_313 @bacottetangga__ @PTKAI ngatur banget,dedy bacottetangga ptkai ngatur banget,neutral
@tfsurabaya sayang yah halte pinggir St Gubeng baru gak ada kanopi nya. Coba ptkai ft Pemkot bikin halte disitu,tfsurabaya sayang yah halte pinggir st gubeng baru gak kanopi nya coba ptkai ft pemkot bikin halte situ,positive
Usai Gusur Bong Suwung PT KAI Lakukan Pemekaran Emplasemen #PTKAI #BongSuwung #SterilisasiBongSuwung #EmplasemenStasiunYogyakarta https://t.co/RE1pab04OR,usai gusur bong suwung pt kai laku mekar emplasemen ptkai bongsuwung sterilisasibongsuwung emplasemenstasiunyogyakarta httpstcorepabor,neutral
Warga Bong Suwung Sudah Terima Uang Kompensasi dari PT KAI #BongSuwung #PTKAI #KompensasiBongSuwung #BongSuwunDigusur #PTKAIGusurBongSuwung https://t.co/MPvbGQjccq,warga bong suwung terima uang kompensasi pt kai bongsuwung ptkai kompensasibongsuwung bongsuwundigusur ptkaigusurbongsuwung httpstcompvbgqjccq,neutral
KAI Catat 535 Kejadian Tabrakan Kereta Api Sepanjang Januari-Agustus #KecelakaanKereta #TabrakanKeretaApi #PTKAI https://t.co/M7y5Y5fI1i,kai catat jadi tabrak kereta api panjang januariagustus kecelakaankereta tabrakankeretaapi ptkai httpstcomyyfii,neutral
Transformasi Kereta Api Indonesia Menuju Masa Depan Berkelanjutan #harikerataapinasional #ptkai #transportasi https://t.co/7FW2H1hnt4,transformasi kereta api indonesia tuju masa depan lanjut harikerataapinasional ptkai transportasi httpstcofwhhnt,neutral
 Sebuah truk menemper KA Pandalungan dari Jakarta menuju Jember pada pukul 08.50 WIB sehingga perjalanannya terganggu akibat insiden tersebut di Probolinggo kata Manajer Hukum dan Humas KAI Daop 9 Jember Cahyo Widiantoro. #kecelakaankeretaapi #jember #ptkai,buah truk menemper ka pandalungan jakarta tuju jember pukul wib jalan ganggu akibat insiden sebut probolinggo kata manajer hukum humas kai daop jember cahyo widiantoro kecelakaankeretaapi jember ptkai,neutral
Info Loker #loker #lowongankerja #PTKAI #KAI #JOBFAIR #jobvacancy Siapa tau ada yang butuh https://t.co/fkLcgnj7qV,info loker loker lowongankerja ptkai kai jobfair jobvacancy siapa tau yang butuh httpstcofklcgnjqv,neutral
Dalam rangka memperingati HUT ke-79 PT Kereta Api Indonesia (Persero) Divisi Regional I Sumatera Utara menggelar promo diskon tiket kereta api Sribilah Utama. https://t.co/xKdbClGSfz #PTKAI #ManagerHumasPTKAIDivisiRegionalSumateraUtara #AnwarSolikhin @kaiwisata,rangka ingat hut pt kereta api indonesia persero divisi regional i sumatera utara gelar promo diskon tiket kereta api sribilah utama httpstcoxkdbclgsfz ptkai managerhumasptkaidivisiregionalsumaterautara anwarsolikhin kaiwisata,neutral
Ada Diskon Tiket Kereta Api dari Semarang untuk Oktober 2024. #keretaapi #PTKAI #ptkeretaapiindonesia #KAI #tiketkeretaapi #tiketKA #semarang #kotasemarang #Jateng https://t.co/s0v5XgLDqT,diskon tiket kereta api semarang oktober keretaapi ptkai ptkeretaapiindonesia kai tiketkeretaapi tiketka semarang kotasemarang jateng httpstcosvxgldqt,neutral
Kompensasi Penggusuran Bong Suwung Dinilai Rendah Warga Kembali Demo #BongSuwung #PTKAI #PenggusuranBongSuwung #KompensasiPenggusuranBongSuwung https://t.co/IvD7t61E5f,kompensasi gusur bong suwung nilai rendah warga demo bongsuwung ptkai penggusuranbongsuwung kompensasipenggusuranbongsuwung httpstcoivdtef,neutral
KAI Lakukan Proses Hukum Sopir Truk yang Terobos Pintu Perlintasan di Bantul PT Kereta Api Indonesia (Persero) memproses... #NewsUpdate #KAI #PTKAI #KeretaApi #PerlintasanKeretaApi #Bantul https://t.co/xoMlnfMiq7,kai laku proses hukum sopir truk terobos pintu lintas bantul pt kereta api indonesia persero proses newsupdate kai ptkai keretaapi perlintasankeretaapi bantul httpstcoxomlnfmiq,neutral
@merapi_uncover Keknya orang2 pada ga tau ya jalur KA itu harus steril. Giliran gini PTKAI boleh minta ganti rugi ga?,rapi uncover kek orang ga tau jalur ka harus steril gilir gin ptkai minta ganti rugi ga,neutral
Kereta Api Fajar Utama Tabrak Empat Orang Sampai Meninggal Dunia https://t.co/Sm2YOlR87a #KeretaApi #PTKAI #Rokmad,kereta api fajar utama tabrak empat orang tinggal dunia httpstcosmyolra keretaapi ptkai rokmad,neutral
@berfirmanlah Apa2 pemerintah yang disalahin PTKAI yang disalahin.. padahal yang jelas2 salah ya yang berdiri di rel itu... aduuuh mati kan tuh,firman apa perintah disalahin ptkai disalahin padahal jelas salah yang diri rel aduuuh mati kan tuh,negative
Kereta Api Lodaya mogok di Garut. 2 jam makan dodol! Disogok air mineral @ptkai,kereta api lodaya mogok garut jam makan dodol sogok air mineral ptkai,neutral
PT Kereta Api Indonesia (Persero) atau KAI mengingatkan masyarakat perihal larangan beraktivitas di jalur kereta api dan bagi yang melanggar akan dijatuhi sanksi kurungan penjara atau denda hingga Rp15 juta. #PTKAI #MedcomId #MudaMemberiArti https://t.co/67yV6MgAOT,pt kereta api indonesia persero kai ingat masyarakat perihal larang aktivitas jalur kereta api bagi langgar jatuh sanksi kurung penjara denda hingga rp juta ptkai medcomid mudamemberiarti httpstcoyvmgaot,neutral
@creepy_room_ Otaknya pada gak dipake sih. main kok di rel kereta ?. padahal PTKAI udah sering kali sosialisasi larangan bermain di rel krn bahaya terus mungkin jg di berita entah di tv atau medsos suka liat peristiwa kecelakaan org tertabrak kereta. masa gak jadi pelajaran ?,creepy room otak gak dipake sih main kok rel kereta padahal ptkai udah sering kali sosialisasi larang main rel krn bahaya terus mungkin jg berita entah tv medsos suka liat peristiwa celaka org tabrak kereta masa gak jadi ajar,negative
@bacottetangga__ Ini lah orang indonesia bodoh! Udah tau bahaya ngapain pake bediri di rel. Mati deh.. kayak nya PTKAI harus bikin pagar pembatas minimal 3 meter diseluruh perlintasan KA untuk mencegah warga masuk ke rel. Itu pun kalo gak di korupsi sama pemerintah!,bacottetangga lah orang indonesia bodoh udah tau bahaya ngapain pake bediri rel mati deh kayak nya ptkai bikin pagar batas minimal meter seluruh lintas ka cegah warga masuk rel pun kalo gak korupsi sama perintah,negative
Infoooo bagi rekan rekan di Bekasi khususnya Stasiun Cikarang dan sekitarnya. Barangkali melihat yang bersangkutan mohon kontak nomor di gambar ini #hilang #oranghilang #kai #ptkai #keretaapiindonesia #stasiuncikarang #bekasi https://t.co/nEaTx7J82H,infoooo rekan rekan bekas khusus stasiun cikarang sekitar barangkali lihat sangkut mohon kontak nomor gambar hilang oranghilang kai ptkai keretaapiindonesia stasiuncikarang bekas httpstconeatxjh,neutral
@PTKAI @KAI121 @keretaapikita Selamat malam melaporkan mohon bekerja juga dengan profesional rel kereta (BATARA KRESNA) ditinggikan sampai mobil dengan ketinggian STANDAR (gak diceperkan) nyangkut mau masuk ke rumah sendiri. Agung Wa 082136754005 https://t.co/XxKMh57NCO,ptkai kai keretaapikita selamat malam lapor mohon kerja profesional rel kereta batara kresna tinggi mobil dengan tinggi standar gak ceper nyangkut mau masuk rumah sendiri agung wa httpstcoxxkmhnco,neutral
Traveling: Menara Air di Manggarai Jakarta https://t.co/MQ7Sw6zSQz #traveling #menaraair #manggarai #ptkai,traveling menara air manggarai jakarta httpstcomqswzsqz traveling menaraair manggarai ptkai,positive
Tarif KRL Bukan Bedakan Si Kaya dan Si Miskin Tapi Karcis Langganan untuk Kelas Pekerja - https://t.co/LNk2ulQVCK @kemenhub151 @PTKAI @CommuterLine @YLKI_ID #TarifKRL,tarif krl bukan beda si kaya si miskin karcis langgan kelas kerja httpstcolnkulqvck kemenhub ptkai commuterline ylki id tarifkrl,neutral
@Widino Kalo di stasiun pasar senen @PTKAI nemu toilet pria paling pojok gratis pdahal fasilitas sauna ruang tertutup tanpa ventilasi sama sekali..auto pipis bentar aja gratis mandi keringat..,widino kalo stasiun pasar senen ptkai nemu toilet pria paling pojok gratis pdahal fasilitas sauna ruang tutup ventilasi sama sekaliauto pipis bentar aja gratis mandi keringat,neutral
Monumen Lokomotif Kereta Uap Berusia 133 Tahun di Stasiun Kediri Diresmikan Begini Penampakannya https://t.co/pujttH9WIa #ptkai #kai121 #kereta #keretaapikita #lokomotifvintage #monumenkereta #keretauap #infokediri #kotakediri #kedirihits #metaranews https://t.co/qjvWWzjiOv,monumen lokomotif kereta uap usia tahun stasiun diri resmi begini tampak httpstcopujtthwia ptkai kai kereta keretaapikita lokomotifvintage monumenkereta keretauap infokediri kotakediri kedirihits metaranews httpstcoqjvwwzjiov,neutral
Woi @sigitwid Perbaikan itu dimulai dan sukses saat pak Jonan jadi Dirut PTKAI.dan itu dimasa presiden @SBYudhoyono .oh knp pak Jonan tdk dipakai lg sama jokowi pada periode kedua..apa krn menolak kereta cepat? Jilat jangan nanggung tuh WC dekat rumah saya mungkin perbaikan zama,woi sigitwid baik mulai sukses pak jonan jadi dirut ptkaidan masa presiden sbyudhoyono knp pak jonan tdk pakai lg sama jokowi periode keduaapa krn tolak kereta cepat jilat jangan nanggung tuh wc dekat rumah mungkin baik zama,negative
Kalau ngarang jangan keterlaluan. Perbaikan Kereta Api tuh saat Rezim @SBYudhoyono saat Pak Jonan jadi Dirut PTKAI (kebetulan saya yg proses pengangkatannya). Dan Pak Jonan Menhub Pak Jokowi yg menolak Kereta Api Cepat Bandung yg merugikan saat ini shg beliau dipecat sbg Menhub,kalau ngarang jangan terlalu baik kereta api tuh rezim sbyudhoyono pak jonan jadi dirut ptkai betul yg proses angkat pak jonan menhub pak jokowi yg tolak kereta api cepat bandung yg rugi ini shg beliau pecat sbg menhub,negative
Bripda WSN Disanksi Patsus Terkait Penipuan Berdalih Lowongan Kerja KAI https://t.co/IqBeDHdBjf #PoldaMetroJaya #PTKAI #PenipuanLowongan #Patsus #BribdaWSN https://t.co/LQoDNSaHFR,bripda wsn sanksi patsus kait tipu dalih lowong kerja kai httpstcoiqbedhdbjf poldametrojaya ptkai penipuanlowongan patsus bribdawsn httpstcolqodnsahfr,neutral
Video rekaman CCTV seorang pria bunuh diri di rel kereta api Video Channel Telegram : https://t.co/XjD0YIUfR3 #kertaapi #kai #ptkai # https://t.co/yuzNQWPLWb,video rekam cctv orang pria bunuh diri rel kereta api video channel telegram httpstcoxjdyiufr kertaapi kai ptkai httpstcoyuznqwplwb,neutral
Penipuan Berdalih Lowongan Kerja di KAI Bripda WSN Disidang Etik dan Pidana https://t.co/lfDwgfjkUe #PropamPoldaMetro #Penipuan #PTKAI #PolisiMenipu https://t.co/vycMlv193h,tipu dalih lowong kerja kai bripda wsn sidang etik pidana httpstcolfdwgfjkue propampoldametro tipu ptkai polisimenipu httpstcovycmlvh,negative
@PTKAI @PTKAIIndonesia @PTkaicommuter cocok nih jadi karyawan PT. KAI,ptkai ptkaiindonesia ptkaicommuter cocok nih jadi karyawan pt kai,neutral
PT Kereta Api Indonesia (KAI) menyebut sebanyak 724.141 tiket kereta ludes terjual saat momen libur panjang atau long weekend yang bertepatan dengan Maulid Nabi Muhammad SAW. #PTKAI #MaulidNabi1446H #MedcomId #MudaMemberiArti https://t.co/AmS1sMw6sh,pt kereta api indonesia kai sebut banyak tiket kereta ludes jual momen libur panjang long weekend tepat maulid nabi muhammad saw ptkai maulidnabih medcomid mudamemberiarti httpstcoamssmwsh,neutral
PT KAI berbagai kelas tujuan ke Jakarta Bandung Semarang Purwokerto Yogyakarta Surabaya Malang dan Tegal saat liburan Maulid Nabi Muhammad SAW. https://t.co/iPPZtOFfYr #PTKAI #MaulidNabiMuhammadSAW #LongWeekend,pt kai bagai kelas tuju jakarta bandung semarang purwokerto yogyakarta surabaya malang tegal libur maulid nabi muhammad saw httpstcoippztoffyr ptkai maulidnabimuhammadsaw longweekend,neutral
Jumlah Penumpang Stasiun Blitar Melonjak Capai 3 Ribu Orang Saat Libur Panjang https://t.co/zfjsHuJ0vA #liburpanjang #maulidnabi #keretaapi #ptkai #musimliburan #keretaapiindonesia #blitar #infoblitar #beritablitar #blitar24jam #metaranews https://t.co/OkTpkVRCCC,jumlah tumpang stasiun blitar lonjak capai ribu orang libur panjang httpstcozfjshujva liburpanjang maulidnabi keretaapi ptkai musimliburan keretaapiindonesia blitar infoblitar beritablitar blitarjam metaranews httpstcooktpkvrccc,neutral
Oknum polisi melakukan penipuan terhadap pencari kerja. Modusnya mengimingi-imingi pelamar bisa bekerja di PT Kereta Api Indonesia (KAI). Satu dari sekian banyak korban mengadukannya ke Polda Metro Jaya. #ptkai #penipuan #oknumpolisi https://t.co/aN7MO9eL2M,oknum polisi laku tipu cari kerja modus mengimingiimingi lamar kerja pt kereta api indonesia kai satu sekian banyak korban adu polda metro jaya ptkai tipu oknumpolisi httpstcoanmoelm,negative
Penutup jendela di gerbong 9 K1 9155 Commuter relasi Rangkas-Tn Abang (23/9) tdk bisa ditarik ke atas bisa krn ulah penumpang yg dg paksa tarik ke bawah @PTKAI @CommuterLine @Ylki https://t.co/04jsH6tHO0,tutup jendela gerbong k commuter relasi rangkastn abang tdk tarik atas krn ulah tumpang yg dg paksa tarik bawah ptkai commuterline ylki httpstcojshtho,neutral
Memang tak mudah u saling peduli .... di KAI Commuter Rangkas- Merak pkl 09.55 (13/9) di Eko2 satu keluarga bicara keras2 tanpa perulikan penumpang lain .... @PTKAI @comm,memang tak mudah u saling peduli kai commuter rangkas merak pkl eko satu keluarga bicara keras uli tumpang ptkai comm,negative
Usai Layangkan SP 3 PT KAI Gusur Bong Suwung pada September 2024 #PTKAI #BongSuwung #PTKAIGusurBongSuwung https://t.co/LVVrn0BxV2,usai layang sp pt kai gusur bong suwung september ptkai bongsuwung ptkaigusurbongsuwung httpstcolvvrnbxv,neutral
Perluasan Stasiun Yogyakarta PT KAI Segera Gusur Permukiman Bong Suwung #PTKAI #BongSuwung #SultanGround #StasiunYogyakarta #WargaBongSuwungDigusur #PerluasanStasiunYogyakarta https://t.co/rOEYkfHmGp,luas stasiun yogyakarta pt kai segera gusur mukim bong suwung ptkai bongsuwung sultanground stasiunyogyakarta wargabongsuwungdigusur perluasanstasiunyogyakarta httpstcoroeykfhmgp,neutral
Tempat baru pengalaman baru. Brangkat pagi pulang ketemu pagi lagi. #PTKAI #Keretaapiindonesia #stasiuntasikmalaya https://t.co/njQUcEebWe,tempat baru alam baru brangkat pagi pulang ketemu pagi ptkai keretaapiindonesia stasiuntasikmalaya httpstconjquceebwe,neutral
Demi apapun gatau lagi kereta pagi ketahan udah 30 menit nih di pasar minggu dan masih belum bisa jalan karena gangguan tuh wkwk @PTKAI,apa gatau kereta pagi tahan udah menit nih pasar minggu masih bisa jalan ganggu tuh wkwk ptkai,negative
@pertashoq @humas_jogja Ooo. Apa mau dibuat pusat pertokoan / pujasera tapi yang punya ptkai ya? Kaya daerah² lain yg aset ptkai ketutup aset Pemda ( jadi pertokoan dll ) digusur Pemda dijadikan jalan. Setelah itu lahan ptkai (belakang pertokoan punya pemda) dibangun pertokoan,pertashoq humas jogja ooo apa mau buat pusat toko pujasera yang punya ptkai kaya daerah yg aset ptkai tutup aset pemda jadi toko gusur pemda jadi jalan itu lahan ptkai belakang toko punya pemda bangun toko,neutral
KAI Hadirkan Rail Clinic dan Rail Library di Stasiun Ngebruk Malang. Rangkaian HUT ke-79 PT KAI menghadirkan program Tanggung Jawab Sosial &amp; Lingkungan (TJSL) KAI Daop 8 Surabaya menghadirkan layanan Rail Clinic -- https://t.co/ix30slIEXc #Ekbis #ptkai via @beritajatimcom,kai hadir rail clinic rail library stasiun ngebruk malang rangkai hut pt kai hadir program tanggung jawab sosial amp lingkung tjsl kai daop surabaya hadir layan rail clinic httpstcoixsliexc ekbis ptkai via beritajatimcom,neutral
Assalamualaikum Kantor Pusat PTKAI,assalamualaikum kantor pusat ptkai,neutral
Heru Budi Sebut PT KAI Tak Respons saat Dimintai Bantuan untuk Korban Kebakaran Manggarai #herubudi #ptkai #bantuan #korbanKebakaran #manggarai #beritanasional #selasa https://t.co/9q1jBRWnts,heru budi sebut pt kai tak respons minta bantu korban bakar manggarai herubudi ptkai bantu korbankebakaran manggarai beritanasional selasa httpstcoqjbrwnts,neutral
andai thomas masuk perusahaan ptkai,andai thomas masuk usaha ptkai,neutral
PT KAI (Persero) meningkatkan kualitas pelayanan kepada para pengguna LRT Jabodebek. Salah satunya dengan memperpanjang jam operasional dengan mengoperasikan 8 perjalanan tambahan pada hari kerja. #LRT #PTKAI #MedcomId #MudaMemberiArti https://t.co/6pzAYif0al,pt kai persero tingkat kualitas layan para guna lrt jabodebek salah satu panjang jam operasional operasi jalan tambah hari kerja lrt ptkai medcomid mudamemberiarti httpstcopzayifal,neutral
PT KAI Punya 'Daftar Hitam' Orang Yang Dilarang Naik Kereta Jumlahnya Puluhan. #ptkai #kereta #daftarhitam https://t.co/0LpTBTsodp,pt kai punya daftar hitam orang larang naik kereta jumlah puluh ptkai kereta daftarhitam httpstcolptbtsodp,neutral
Tiket dalam negeri mahal ya kan kakak mendingan LN. Pemerintah buat murah biar #askIU bisa sambangan anak2nya yg didalam juga. Eh tp ada kereta api cute cute sih yuk endorse ptkai ,tiket negeri mahal kan kakak mending ln perintah buat murah biar askiu sambangan anak yg dalam eh tp kereta api cute cute sih yuk endorse ptkai,positive
Perjalanan Surabaya Banyuwangi Bisa Pilih KA Mutiara Timur. Kereta api rute Banyuwangi-Surabaya kian bertambah. KA Mutiara Timur Kembali beroperasi setelah sempat vakum selama kurang https://t.co/WFg0usUXSn #Ekbis #Banyuwangi #KAMutiaraTimur #ptkai via @beritajatimcom,jalan surabaya banyuwangi pilih ka mutiara timur kereta api rute banyuwangisurabaya kian tambah ka mutiara timur operasi sempat vakum lama kurang httpstcowfgusuxsn ekbis banyuwangi kamutiaratimur ptkai via beritajatimcom,neutral
